-- phpMyAdmin SQL Dump
-- version 5.2.0
-- https://www.phpmyadmin.net/
--
-- Host: 127.0.0.1
-- Generation Time: Jul 31, 2023 at 07:25 PM
-- Server version: 10.4.27-MariaDB
-- PHP Version: 8.0.25

SET SQL_MODE = "NO_AUTO_VALUE_ON_ZERO";
START TRANSACTION;
SET time_zone = "+00:00";


/*!40101 SET @OLD_CHARACTER_SET_CLIENT=@@CHARACTER_SET_CLIENT */;
/*!40101 SET @OLD_CHARACTER_SET_RESULTS=@@CHARACTER_SET_RESULTS */;
/*!40101 SET @OLD_COLLATION_CONNECTION=@@COLLATION_CONNECTION */;
/*!40101 SET NAMES utf8mb4 */;

--
-- Database: `fms_db`
--

-- --------------------------------------------------------

--
-- Table structure for table `files`
--

CREATE TABLE `files` (
  `id` int(11) NOT NULL,
  `name` varchar(200) NOT NULL,
  `description` text NOT NULL,
  `user_id` int(30) NOT NULL,
  `folder_id` int(30) NOT NULL,
  `file_type` varchar(50) NOT NULL,
  `file_path` text NOT NULL,
  `is_public` tinyint(1) DEFAULT 0,
  `date_updated` datetime NOT NULL DEFAULT current_timestamp() ON UPDATE current_timestamp()
) ENGINE=InnoDB DEFAULT CHARSET=utf8mb4 COLLATE=utf8mb4_general_ci;

--
-- Dumping data for table `files`
--

INSERT INTO `files` (`id`, `name`, `description`, `user_id`, `folder_id`, `file_type`, `file_path`, `is_public`, `date_updated`) VALUES
(5, 'first', '', 4, 18, 'py', '1690818960_first.py', 0, '2023-07-31 21:26:49'),
(6, 'graphic', 'this file will share to all users.', 4, 18, 'py', '1690819020_graphic.py', 1, '2023-07-31 21:27:16'),
(7, 'Screenshot (1085)', 'something is important.\r\n', 4, 0, 'png', '1690819080_Screenshot (1085).png', 1, '2023-07-31 21:28:11'),
(8, '12209937ca2', '', 6, 0, 'png', '1690822560_12209937ca2.png', 1, '2023-07-31 22:26:54');

-- --------------------------------------------------------

--
-- Table structure for table `folders`
--

CREATE TABLE `folders` (
  `id` int(30) NOT NULL,
  `user_id` int(30) NOT NULL,
  `name` varchar(200) NOT NULL,
  `parent_id` int(30) NOT NULL DEFAULT 0
) ENGINE=InnoDB DEFAULT CHARSET=utf8mb4 COLLATE=utf8mb4_general_ci;

--
-- Dumping data for table `folders`
--

INSERT INTO `folders` (`id`, `user_id`, `name`, `parent_id`) VALUES
(18, 4, 'python', 0),
(19, 4, 'php', 0),
(20, 4, 'new python', 18),
(21, 4, 'abc', 0),
(22, 4, 'mca', 0),
(23, 6, 'mca', 0);

-- --------------------------------------------------------

--
-- Table structure for table `users`
--

CREATE TABLE `users` (
  `id` int(30) NOT NULL,
  `name` varchar(200) NOT NULL,
  `username` varchar(100) NOT NULL,
  `password` varchar(200) NOT NULL,
  `type` tinyint(1) NOT NULL DEFAULT 2 COMMENT '1+admin , 2 = users'
) ENGINE=InnoDB DEFAULT CHARSET=utf8mb4 COLLATE=utf8mb4_general_ci;

--
-- Dumping data for table `users`
--

INSERT INTO `users` (`id`, `name`, `username`, `password`, `type`) VALUES
(4, 'Rajan Kumar', 'rajan', 'rajan', 2),
(5, 'User', 'user', 'user', 1),
(6, 'himanshu', 'root', 'root', 1);

--
-- Indexes for dumped tables
--

--
-- Indexes for table `files`
--
ALTER TABLE `files`
  ADD PRIMARY KEY (`id`);

--
-- Indexes for table `folders`
--
ALTER TABLE `folders`
  ADD PRIMARY KEY (`id`);

--
-- Indexes for table `users`
--
ALTER TABLE `users`
  ADD PRIMARY KEY (`id`);

--
-- AUTO_INCREMENT for dumped tables
--

--
-- AUTO_INCREMENT for table `files`
--
ALTER TABLE `files`
  MODIFY `id` int(11) NOT NULL AUTO_INCREMENT, AUTO_INCREMENT=9;

--
-- AUTO_INCREMENT for table `folders`
--
ALTER TABLE `folders`
  MODIFY `id` int(30) NOT NULL AUTO_INCREMENT, AUTO_INCREMENT=24;

--
-- AUTO_INCREMENT for table `users`
--
ALTER TABLE `users`
  MODIFY `id` int(30) NOT NULL AUTO_INCREMENT, AUTO_INCREMENT=7;
COMMIT;

/*!40101 SET CHARACTER_SET_CLIENT=@OLD_CHARACTER_SET_CLIENT */;
/*!40101 SET CHARACTER_SET_RESULTS=@OLD_CHARACTER_SET_RESULTS */;
/*!40101 SET COLLATION_CONNECTION=@OLD_COLLATION_CONNECTION */;
